symbol,name,sector
AADI.JK,,
AALI.JK,Astra Agro Lestari,Consumer Defensive
ABBA.JK,,
ABDA.JK,,
ABMM.JK,,
ACES.JK,Aspirasi Hidup Indonesia (Ace),Consumer Cyclical
ACRO.JK,,
ACST.JK,,
ADCP.JK,,
ADES.JK,,
ADHI.JK,Adhi Karya,Industrials
ADMF.JK,,
ADMG.JK,,
ADMR.JK,Adaro Minerals,Energy
ADRO.JK,Alamtri Resources (Adaro),Energy
AEGS.JK,,
AGAR.JK,,
AGII.JK,,
AGRO.JK,,
AGRS.JK,,
AHAP.JK,,
AIMS.JK,,
AISA.JK,,
AKKU.JK,,
AKPI.JK,,
AKRA.JK,AKR Corporindo,Energy
AKSI.JK,,
ALDO.JK,,
ALII.JK,,
ALKA.JK,,
ALMI.JK,,
ALTO.JK,,
AMAG.JK,,
AMAN.JK,,
AMAR.JK,,
AMFG.JK,,
AMIN.JK,,
AMMN.JK,,
AMMS.JK,,
AMOR.JK,,
AMRT.JK,Sumber Alfaria Trijaya,Consumer Defensive
ANDI.JK,,
ANJT.JK,,
ANTM.JK,Aneka Tambang,Basic Materials
APEX.JK,,
APIC.JK,,
APII.JK,,
APLI.JK,,
APLN.JK,,
ARCI.JK,,
AREA.JK,,
ARGO.JK,,
ARII.JK,,
ARKA.JK,,
ARKO.JK,,
ARMY.JK,,
ARNA.JK,,
ARTA.JK,,
ARTI.JK,,
ARTO.JK,Bank Jago,Financials
ASBI.JK,,
ASDM.JK,,
ASGR.JK,,
ASHA.JK,,
ASII.JK,Astra International,Industrials
ASJT.JK,,
ASLC.JK,,
ASLI.JK,,
ASMI.JK,,
ASPI.JK,,
ASRI.JK,,
ASRM.JK,,
ASSA.JK,,
ATAP.JK,,
ATIC.JK,,
ATLA.JK,,
AUTO.JK,,
AVIA.JK,,
AWAN.JK,,
AXIO.JK,,
AYAM.JK,,
AYLS.JK,,
BABP.JK,,
BABY.JK,,
BACA.JK,,
BAIK.JK,,
BAJA.JK,,
BALI.JK,,
BANK.JK,,
BAPA.JK,,
BAPI.JK,,
BATA.JK,,
BATR.JK,,
BAUT.JK,,
BAYU.JK,,
BBCA.JK,Bank Central Asia,Financials
BBHI.JK,,
BBKP.JK,,
BBLD.JK,,
BBMD.JK,,
BBNI.JK,Bank Negara Indonesia,Financials
BBRI.JK,Bank Rakyat Indonesia,Financials
BBRM.JK,,
BBSI.JK,,
BBSS.JK,,
BBTN.JK,Bank Tabungan Negara,Financials
BBYB.JK,,
BCAP.JK,,
BCIC.JK,,
BCIP.JK,,
BDKR.JK,,
BDMN.JK,,
BEBS.JK,,
BEEF.JK,,
BEER.JK,,
BEKS.JK,,
BELI.JK,,
BELL.JK,,
BESS.JK,,
BEST.JK,,
BFIN.JK,BFI Finance Indonesia,Financials
BGTG.JK,,
BHAT.JK,,
BHIT.JK,,
BIKA.JK,,
BIKE.JK,,
BIMA.JK,,
BINA.JK,,
BINO.JK,,
BIPI.JK,,
BIPP.JK,,
BIRD.JK,,
BISI.JK,,
BJBR.JK,Bank BJB,Financials
BJTM.JK,,
BKDP.JK,,
BKSL.JK,,
BKSW.JK,,
BLES.JK,,
BLTA.JK,,
BLTZ.JK,,
BLUE.JK,,
BMAS.JK,,
BMBL.JK,,
BMHS.JK,,
BMRI.JK,Bank Mandiri,Financials
BMSR.JK,,
BMTR.JK,,
BNBA.JK,,
BNBR.JK,,
BNGA.JK,Bank CIMB Niaga,Financials
BNII.JK,,
BNLI.JK,,
BOAT.JK,,
BOBA.JK,,
BOGA.JK,,
BOLA.JK,,
BOLT.JK,,
BOSS.JK,,
BPFI.JK,,
BPII.JK,,
BPTR.JK,,
BRAM.JK,,
BREN.JK,Barito Renewables Energy,Utilities
BRIS.JK,Bank Syariah Indonesia,Financials
BRMS.JK,,
BRNA.JK,,
BRPT.JK,Barito Pacific,Basic Materials
BRRC.JK,,
BSBK.JK,,
BSDE.JK,Bumi Serpong Damai,Real Estate
BSIM.JK,,
BSML.JK,,
BSSR.JK,,
BSWD.JK,,
BTEK.JK,,
BTEL.JK,,
BTON.JK,,
BTPN.JK,,
BTPS.JK,,
BUAH.JK,,
BUDI.JK,,
BUKA.JK,Bukalapak,Technology
BUKK.JK,,
BULL.JK,,
BUMI.JK,,
BUVA.JK,,
BVIC.JK,,
BWPT.JK,,
BYAN.JK,,
CAKK.JK,,
CAMP.JK,,
CANI.JK,,
CARE.JK,,
CARS.JK,,
CASA.JK,,
CASH.JK,,
CASS.JK,,
CBDK.JK,,
CBMF.JK,,
CBPE.JK,,
CBRE.JK,,
CBUT.JK,,
CCSI.JK,,
CEKA.JK,,
CENT.JK,,
CFIN.JK,,
CGAS.JK,,
CHEM.JK,,
CHIP.JK,,
CINT.JK,,
CITA.JK,,
CITY.JK,,
CLAY.JK,,
CLEO.JK,,
CLPI.JK,,
CMNP.JK,,
CMNT.JK,,
CMPP.JK,,
CMRY.JK,,
CNKO.JK,,
CNMA.JK,,
CNTB.JK,,
CNTX.JK,,
COAL.JK,,
COCO.JK,,
COWL.JK,,
CPIN.JK,Charoen Pokphand Indonesia,Consumer Defensive
CPRI.JK,,
CPRO.JK,,
CRAB.JK,,
CRSN.JK,,
CSAP.JK,,
CSIS.JK,,
CSMI.JK,,
CSRA.JK,,
CTBN.JK,,
CTRA.JK,Ciputra Development,Real Estate
CTTH.JK,,
CUAN.JK,Petrindo Jaya Kreasi,Energy
CYBR.JK,,
DAAZ.JK,,
DADA.JK,,
DART.JK,,
DATA.JK,,
DAYA.JK,,
DCII.JK,,
DEAL.JK,,
DEFI.JK,,
DEPO.JK,,
DEWA.JK,,
DEWI.JK,,
DFAM.JK,,
DGIK.JK,,
DGNS.JK,,
DGWG.JK,,
DIGI.JK,,
DILD.JK,,
DIVA.JK,,
DKFT.JK,,
DLTA.JK,,
DMAS.JK,,
DMMX.JK,,
DMND.JK,,
DNAR.JK,,
DNET.JK,,
DOID.JK,,
DOOH.JK,,
DOSS.JK,,
DPNS.JK,,
DPUM.JK,,
DRMA.JK,,
DSFI.JK,,
DSNG.JK,Dharma Satya Nusantara,Consumer Defensive
DSSA.JK,,
DUCK.JK,,
DUTI.JK,,
DVLA.JK,,
DWGL.JK,,
DYAN.JK,,
EAST.JK,,
ECII.JK,,
EDGE.JK,,
EKAD.JK,,
ELIT.JK,,
ELPI.JK,,
ELSA.JK,,
ELTY.JK,,
EMDE.JK,,
EMTK.JK,Elang Mahkota Teknologi,Technology
ENAK.JK,,
ENRG.JK,,
ENVY.JK,,
ENZO.JK,,
EPAC.JK,,
EPMT.JK,,
ERAA.JK,Erajaya Swasembada,Consumer Cyclical
ERAL.JK,,
ERTX.JK,,
ESIP.JK,,
ESSA.JK,,
ESTA.JK,,
ESTI.JK,,
ETWA.JK,,
EURO.JK,,
EXCL.JK,XL Axiata,Communication
FAPA.JK,,
FAST.JK,,
FASW.JK,,
FILM.JK,,
FIMP.JK,,
FINN.JK,,
FIRE.JK,,
FISH.JK,,
FITT.JK,,
FLMC.JK,,
FMII.JK,,
FOLK.JK,,
FOOD.JK,,
FORU.JK,,
FORZ.JK,,
FPNI.JK,,
FREN.JK,,
FUJI.JK,,
FUTR.JK,,
FWCT.JK,,
GAMA.JK,,
GDST.JK,,
GDYR.JK,,
GEMA.JK,,
GEMS.JK,,
GGRM.JK,Gudang Garam,Consumer Defensive
GGRP.JK,,
GHON.JK,,
GIAA.JK,,
GJTL.JK,,
GLOB.JK,,
GLVA.JK,,
GMFI.JK,,
GMTD.JK,,
GOLD.JK,,
GOLF.JK,,
GOLL.JK,,
GOOD.JK,,
GOTO.JK,GoTo Gojek Tokopedia,Technology
GOTOM.JK,,
GPRA.JK,,
GPSO.JK,,
GRIA.JK,,
GRPH.JK,,
GRPM.JK,,
GSMF.JK,,
GTBO.JK,,
GTRA.JK,,
GTSI.JK,,
GULA.JK,,
GUNA.JK,,
GWSA.JK,,
GZCO.JK,,
HADE.JK,,
HAIS.JK,,
HAJJ.JK,,
HALO.JK,,
HATM.JK,,
HBAT.JK,,
HDFA.JK,,
HDIT.JK,,
HDTX.JK,,
HEAL.JK,Medikaloka Hermina,Healthcare
HELI.JK,,
HERO.JK,,
HEXA.JK,,
HGII.JK,,
HILL.JK,,
HITS.JK,,
HKMU.JK,,
HMSP.JK,HM Sampoerna,Consumer Defensive
HOKI.JK,,
HOME.JK,,
HOMI.JK,,
HOPE.JK,,
HOTL.JK,,
HRME.JK,,
HRTA.JK,,
HRUM.JK,Harum Energy,Energy
HUMI.JK,,
HYGN.JK,,
IATA.JK,,
IBFN.JK,,
IBOS.JK,,
IBST.JK,,
ICBP.JK,Indofood CBP,Consumer Defensive
ICON.JK,,
IDEA.JK,,
IDPR.JK,,
IFII.JK,,
IFSH.JK,,
IGAR.JK,,
IIKP.JK,,
IKAI.JK,,
IKAN.JK,,
IKBI.JK,,
IKPM.JK,,
IMAS.JK,,
IMJS.JK,,
IMPC.JK,,
INAF.JK,,
INAI.JK,,
INCF.JK,,
INCI.JK,,
INCO.JK,Vale Indonesia,Basic Materials
INDF.JK,Indofood Sukses Makmur,Consumer Defensive
INDO.JK,,
INDR.JK,,
INDS.JK,,
INDX.JK,,
INDY.JK,Indika Energy,Energy
INET.JK,,
INKP.JK,Indah Kiat Pulp & Paper,Basic Materials
INOV.JK,,
INPC.JK,,
INPP.JK,,
INPS.JK,,
INRU.JK,,
INTA.JK,,
INTD.JK,,
INTP.JK,Indocement,Basic Materials
IOTF.JK,,
IPAC.JK,,
IPCC.JK,,
IPCM.JK,,
IPOL.JK,,
IPPE.JK,,
IPTV.JK,,
IRRA.JK,,
IRSX.JK,,
ISAP.JK,,
ISAT.JK,Indosat,Communication
ISEA.JK,,
ISSP.JK,,
ITIC.JK,,
ITMA.JK,,
ITMG.JK,Indo Tambangraya Megah,Energy
JARR.JK,,
JAST.JK,,
JATI.JK,,
JAWA.JK,,
JAYA.JK,,
JECC.JK,,
JGLE.JK,,
JIHD.JK,,
JKON.JK,,
JKSW.JK,,
JMAS.JK,,
JPFA.JK,Japfa Comfeed,Consumer Defensive
JRPT.JK,,
JSKY.JK,,
JSMR.JK,Jasa Marga,Industrials
JSPT.JK,,
JTPE.JK,,
KAEF.JK,Kimia Farma,Healthcare
KARW.JK,,
KAYU.JK,,
KBAG.JK,,
KBLI.JK,,
KBLM.JK,,
KBLV.JK,,
KBRI.JK,,
KDSI.JK,,
KDTN.JK,,
KEEN.JK,,
KEJU.JK,,
KETR.JK,,
KIAS.JK,,
KICI.JK,,
KIJA.JK,,
KING.JK,,
KINO.JK,,
KIOS.JK,,
KJEN.JK,,
KKES.JK,,
KKGI.JK,,
KLAS.JK,,
KLBF.JK,Kalbe Farma,Healthcare
KLIN.JK,,
KMDS.JK,,
KMTR.JK,,
KOBX.JK,,
KOCI.JK,,
KOIN.JK,,
KOKA.JK,,
KONI.JK,,
KOPI.JK,,
KOTA.JK,,
KPAL.JK,,
KPAS.JK,,
KPIG.JK,,
KRAH.JK,,
KRAS.JK,,
KREN.JK,,
KRYA.JK,,
KSIX.JK,,
KUAS.JK,,
LABA.JK,,
LABS.JK,,
LAJU.JK,,
LAND.JK,,
LAPD.JK,,
LCGP.JK,,
LCKM.JK,,
LEAD.JK,,
LFLO.JK,,
LIFE.JK,,
LINK.JK,,
LION.JK,,
LIVE.JK,,
LMAS.JK,,
LMAX.JK,,
LMPI.JK,,
LMSH.JK,,
LOPI.JK,,
LPCK.JK,,
LPGI.JK,,
LPIN.JK,,
LPKR.JK,,
LPLI.JK,,
LPPF.JK,,
LPPS.JK,,
LRNA.JK,,
LSIP.JK,PP London Sumatra,Consumer Defensive
LTLS.JK,,
LUCK.JK,,
LUCY.JK,,
MABA.JK,,
MAGP.JK,,
MAHA.JK,,
MAIN.JK,,
MAMI.JK,,
MAMIP.JK,,
MANG.JK,,
MAPA.JK,,
MAPB.JK,,
MAPI.JK,Mitra Adiperkasa,Consumer Cyclical
MARI.JK,,
MARK.JK,,
MASA.JK,,
MASB.JK,,
MAXI.JK,,
MAYA.JK,,
MBAP.JK,,
MBMA.JK,,
MBSS.JK,,
MBTO.JK,,
MCAS.JK,,
MCOL.JK,,
MCOR.JK,,
MDIA.JK,,
MDIY.JK,,
MDKA.JK,Merdeka Copper Gold,Basic Materials
MDKI.JK,,
MDLN.JK,,
MDRN.JK,,
MEDC.JK,Medco Energi,Energy
MEDS.JK,,
MEGA.JK,,
MEJA.JK,,
MENN.JK,,
MERK.JK,,
META.JK,,
MFIN.JK,,
MFMI.JK,,
MGLV.JK,,
MGNA.JK,,
MGRO.JK,,
MHKI.JK,,
MICE.JK,,
MIDI.JK,,
MIKA.JK,Mitra Keluarga Karyasehat,Healthcare
MINA.JK,,
MIRA.JK,,
MITI.JK,,
MKAP.JK,,
MKNT.JK,,
MKPI.JK,,
MKTR.JK,,
MLBI.JK,,
MLIA.JK,,
MLPL.JK,,
MLPT.JK,,
MMIX.JK,,
MMLP.JK,,
MNCN.JK,Media Nusantara Citra,Communication
MOLI.JK,,
MORA.JK,,
MPIX.JK,,
MPMX.JK,,
MPOW.JK,,
MPPA.JK,,
MPRO.JK,,
MPXL.JK,,
MRAT.JK,,
MREI.JK,,
MSIE.JK,,
MSIN.JK,,
MSJA.JK,,
MSKY.JK,,
MSTI.JK,,
MTDL.JK,,
MTEL.JK,,
MTFN.JK,,
MTLA.JK,,
MTMH.JK,,
MTPS.JK,,
MTRA.JK,,
MTSM.JK,,
MTWI.JK,,
MUTU.JK,,
MYOH.JK,,
MYOR.JK,Mayora Indah,Consumer Defensive
MYRX.JK,,
MYRXP.JK,,
MYTX.JK,,
NAIK.JK,,
NANO.JK,,
NASA.JK,,
NASI.JK,,
NATO.JK,,
NAYZ.JK,,
NCKL.JK,,
NELY.JK,,
NEST.JK,,
NETV.JK,,
NFCX.JK,,
NICE.JK,,
NICK.JK,,
NICL.JK,,
NIKL.JK,,
NINE.JK,,
NIPS.JK,,
NIRO.JK,,
NISP.JK,,
NOBU.JK,,
NPGF.JK,,
NRCA.JK,,
NSSS.JK,,
NTBK.JK,,
NUSA.JK,,
NZIA.JK,,
OASA.JK,,
OBAT.JK,,
OBMD.JK,,
OCAP.JK,,
OILS.JK,,
OKAS.JK,,
OLIV.JK,,
OMED.JK,,
OMRE.JK,,
OPMS.JK,,
PACK.JK,,
PADA.JK,,
PADI.JK,,
PALM.JK,,
PAMG.JK,,
PANI.JK,Pantai Indah Kapuk Dua,Real Estate
PANR.JK,,
PANS.JK,,
PART.JK,,
PBID.JK,,
PBRX.JK,,
PBSA.JK,,
PCAR.JK,,
PDES.JK,,
PDPP.JK,,
PEGE.JK,,
PEHA.JK,,
PEVE.JK,,
PGAS.JK,Perusahaan Gas Negara,Energy
PGEO.JK,,
PGJO.JK,,
PGLI.JK,,
PGUN.JK,,
PICO.JK,,
PIPA.JK,,
PJAA.JK,,
PKPK.JK,,
PLAN.JK,,
PLAS.JK,,
PLIN.JK,,
PMJS.JK,,
PMMP.JK,,
PNBN.JK,,
PNBS.JK,,
PNGO.JK,,
PNIN.JK,,
PNLF.JK,Panin Financial,Financials
PNSE.JK,,
POLA.JK,,
POLI.JK,,
POLL.JK,,
POLU.JK,,
POLY.JK,,
POOL.JK,,
PORT.JK,,
POSA.JK,,
POWR.JK,Cikarang Listrindo,Utilities
PPGL.JK,,
PPRE.JK,,
PPRI.JK,,
PPRO.JK,,
PRAS.JK,,
PRAY.JK,,
PRDA.JK,,
PRIM.JK,,
PSAB.JK,,
PSDN.JK,,
PSGO.JK,,
PSKT.JK,,
PSSI.JK,,
PTBA.JK,Bukit Asam,Energy
PTDU.JK,,
PTIS.JK,,
PTMP.JK,,
PTMR.JK,,
PTPP.JK,PP (Persero),Industrials
PTPS.JK,,
PTPW.JK,,
PTRO.JK,,
PTSN.JK,,
PTSP.JK,,
PUDP.JK,,
PURA.JK,,
PURE.JK,,
PURI.JK,,
PWON.JK,Pakuwon Jati,Real Estate
PYFA.JK,,
PZZA.JK,,
RAAM.JK,,
RAFI.JK,,
RAJA.JK,,
RALS.JK,,
RANC.JK,,
RATU.JK,,
RBMS.JK,,
RCCC.JK,,
RDTX.JK,,
REAL.JK,,
RELF.JK,,
RELI.JK,,
RGAS.JK,,
RICY.JK,,
RIGS.JK,,
RIMO.JK,,
RISE.JK,,
RMBA.JK,,
RMKE.JK,,
RMKO.JK,,
ROCK.JK,,
RODA.JK,,
RONY.JK,,
ROTI.JK,,
RSCH.JK,,
RSGK.JK,,
RUIS.JK,,
RUNS.JK,,
SAFE.JK,,
SAGE.JK,,
SAME.JK,,
SAMF.JK,,
SAPX.JK,,
SATU.JK,,
SBAT.JK,,
SBMA.JK,,
SCCO.JK,,
SCMA.JK,Surya Citra Media,Communication
SCNP.JK,,
SCPI.JK,,
SDMU.JK,,
SDPC.JK,,
SDRA.JK,,
SEMA.JK,,
SFAN.JK,,
SGER.JK,,
SGRO.JK,,
SHID.JK,,
SHIP.JK,,
SICO.JK,,
SIDO.JK,Industri Jamu Sido Muncul,Healthcare
SILO.JK,,
SIMA.JK,,
SIMP.JK,,
SINI.JK,,
SIPD.JK,,
SKBM.JK,,
SKLT.JK,,
SKRN.JK,,
SKYB.JK,,
SLIS.JK,,
SMAR.JK,,
SMBR.JK,,
SMCB.JK,,
SMDM.JK,,
SMDR.JK,,
SMGA.JK,,
SMGR.JK,Semen Indonesia,Basic Materials
SMIL.JK,,
SMKL.JK,,
SMKM.JK,,
SMLE.JK,,
SMMA.JK,,
SMMT.JK,,
SMRA.JK,Summarecon Agung,Real Estate
SMRU.JK,,
SMSM.JK,,
SNLK.JK,,
SOCI.JK,,
SOFA.JK,,
SOHO.JK,,
SOLA.JK,,
SONA.JK,,
SOSS.JK,,
SOTS.JK,,
SOUL.JK,,
SPMA.JK,,
SPRE.JK,,
SPTO.JK,,
SQMI.JK,,
SRAJ.JK,,
SRIL.JK,,
SRSN.JK,,
SRTG.JK,,
SSIA.JK,,
SSMS.JK,,
SSTM.JK,,
STAA.JK,,
STAR.JK,,
STRK.JK,,
STTP.JK,,
SUGI.JK,,
SULI.JK,,
SUNI.JK,,
SUPR.JK,,
SURE.JK,,
SURI.JK,,
SWAT.JK,,
SWID.JK,,
TALF.JK,,
TAMA.JK,,
TAMU.JK,,
TAPG.JK,,
TARA.JK,,
TAXI.JK,,
TAYS.JK,,
TBIG.JK,Tower Bersama,Communication
TBLA.JK,,
TBMS.JK,,
TCID.JK,,
TCPI.JK,,
TDPM.JK,,
TEBE.JK,,
TECH.JK,,
TELE.JK,,
TFAS.JK,,
TFCO.JK,,
TGKA.JK,,
TGRA.JK,,
TGUK.JK,,
TIFA.JK,,
TINS.JK,Timah,Basic Materials
TIRA.JK,,
TIRT.JK,,
TKIM.JK,Pabrik Kertas Tjiwi Kimia,Basic Materials
TLDN.JK,,
TLKM.JK,Telkom Indonesia,Communication
TMAS.JK,,
TMPO.JK,,
TNCA.JK,,
TOBA.JK,,
TOOL.JK,,
TOPS.JK,,
TOSK.JK,,
TOTL.JK,,
TOTO.JK,,
TOWR.JK,Sarana Menara Nusantara,Communication
TOYS.JK,,
TPIA.JK,Chandra Asri,Basic Materials
TPMA.JK,,
TRAM.JK,,
TRGU.JK,,
TRIL.JK,,
TRIM.JK,,
TRIN.JK,,
TRIO.JK,,
TRIS.JK,,
TRJA.JK,,
TRON.JK,,
TRST.JK,,
TRUE.JK,,
TRUK.JK,,
TRUS.JK,,
TSPC.JK,,
TUGU.JK,,
TURI.JK,,
TYRE.JK,,
UANG.JK,,
UCID.JK,,
UDNG.JK,,
UFOE.JK,,
ULTJ.JK,,
UNIC.JK,,
UNIQ.JK,,
UNIT.JK,,
UNSP.JK,,
UNTD.JK,,
UNTR.JK,United Tractors,Industrials
UNVR.JK,Unilever Indonesia,Consumer Defensive
URBN.JK,,
UVCR.JK,,
VAST.JK,,
VERN.JK,,
VICI.JK,,
VICO.JK,,
VINS.JK,,
VISI.JK,,
VIVA.JK,,
VKTR.JK,,
VOKS.JK,,
VRNA.JK,,
VTNY.JK,,
WAPO.JK,,
WEGE.JK,,
WEHA.JK,,
WGSH.JK,,
WICO.JK,,
WIDI.JK,,
WIFI.JK,,
WIIM.JK,,
WIKA.JK,Wijaya Karya,Industrials
WINE.JK,,
WINR.JK,,
WINS.JK,,
WIRG.JK,,
WMPP.JK,,
WMUU.JK,,
WOMF.JK,,
WOOD.JK,,
WOWS.JK,,
WSBP.JK,,
WSKT.JK,Waskita Karya,Industrials
WTON.JK,,
YELO.JK,,
YOII.JK,,
YPAS.JK,,
YULE.JK,,
ZATA.JK,,
ZBRA.JK,,
ZINC.JK,,
ZONE.JK,,
ZYRX.JK,,
